Brunhilde,Kelledy,1,6508 8th Center,342-487-2769,enim sit amet nunc viverra dapibus nulla suscipit ligula in lacus curabitur at ipsum ac tellus
Sid,Everix,2,52615 Northwestern Terrace,883-676-8148,mattis pulvinar nulla pede ullamcorper augue a suscipit nulla elit ac nulla sed vel enim
Seamus,Odger,3,12 Butternut Road,376-181-5480,integer tincidunt ante vel ipsum praesent blandit lacinia erat vestibulum sed
Glynis,Profit,4,1241 Hayes Junction,981-598-9267,ac leo pellentesque ultrices mattis odio donec vitae nisi nam ultrices libero non mattis pulvinar nulla pede ullamcorper augue
Lodovico,Millea,5,5 Huxley Junction,823-125-6332,est lacinia nisi venenatis tristique fusce congue diam id ornare imperdiet sapien urna pretium nisl ut volutpat sapien arcu sed
Danny,Mulran,6,813 Bowman Point,648-232-7311,ut suscipit a feugiat et eros vestibulum ac est lacinia nisi venenatis tristique fusce congue diam id ornare imperdiet sapien
Alli,Corinton,7,84 Talmadge Place,514-978-1644,ligula pellentesque ultrices phasellus id sapien in sapien iaculis congue vivamus metus arcu adipiscing molestie hendrerit at vulputate vitae nisl
Cleve,Aireton,8,60484 Grasskamp Drive,121-693-0227,nec condimentum neque sapien placerat ante nulla justo aliquam quis turpis eget elit
Herschel,Aireton,9,3933 Montana Circle,594-920-4735,proin eu mi nulla ac enim in tempor turpis nec euismod scelerisque quam
Kathlin,Vigars,10,5 Roxbury Avenue,284-473-9724,primis in faucibus orci luctus et ultrices posuere cubilia curae mauris viverra
