Anette,Ogborne,596-68-0177
Merna,Kewzick,868-99-4122
Brittni,Van den Dael,379-74-1629
Rhona,Appleyard,590-36-1858
Chastity,Winscomb,605-22-1241
Cassaundra,Debrick,563-11-7641
Agathe,Crus,544-80-6710
Nestor,Beadel,738-55-1224
Janna,Blenkiron,675-62-3233
Charmion,Slarke,506-34-0895
Aurthur,Collie,262-25-0865
Katy,Shillington,395-99-2263
Brandice,Landman,121-61-2246
Barbie,Huson,392-28-3110
Noby,Scudamore,231-87-4621
Lefty,Vedekhin,864-16-7977
Fredericka,Sellor,515-04-7682
Ally,Luard,229-91-6859
De witt,Corns,385-83-2813
Una,Points,104-08-4080
Malvin,Rowledge,694-43-1065
Seline,Exrol,463-79-2021
Lemmie,Martine,812-22-9029
Damien,Rockwill,793-78-3274
Umberto,Bavridge,863-72-1821
Ashien,Prosek,849-23-5868
Alexine,Coaker,123-49-5505
Vera,Petley,233-36-7275
Naoma,Mulryan,314-81-4022
Marya,Lugg,340-15-7411
Cosmo,Cornforth,719-07-3072
Drud,Beddin,777-65-2721
Lanae,Wight,274-89-8611
Ced,Hateley,423-50-7716
Garland,Watson-Brown,862-60-9519
Redford,Grebbin,660-99-4084
Latisha,Josselson,515-08-9002
Jeromy,Bendon,485-33-2265
Daryn,MacCaughan,400-73-2094
Lorne,Larmor,101-88-9642
Delphine,Joplin,394-59-7322
Selina,Dolden,249-12-0047
Yolande,Wehden,100-81-5430
Rufe,Earle,559-09-3288
Shannen,Gaylord,722-95-4450
Aaren,Cockett,705-38-9943
Arabele,Rivalland,789-51-0498
Valdemar,Weddeburn - Scrimgeour,191-93-9656
Gilberta,Scrauniage,626-74-9582
Lucila,Royden,785-80-5463
Terrye,Ligertwood,739-71-5141
Coretta,Oxborough,441-59-5191
Clareta,Leckenby,642-89-8230
Amble,Higgan,101-97-9686
Stanford,Bradock,420-39-7977
Victoria,Andreazzi,211-08-2871
Ruggiero,Dennant,753-84-8609
Sutherlan,Hurler,102-37-7013
Norine,Jodlowski,517-13-5983
Evangelin,Pherps,889-57-4967
Augy,Luxton,318-91-5822
Barrie,Geffinger,356-60-0468
Harriott,Maslen,812-07-0338
Aurthur,Alderwick,628-10-3340
Lee,Gilbey,755-12-1699
Loise,Heaven,467-97-0152
Jolynn,Havile,412-31-1251
Ailee,Pittwood,147-55-3839
Ruddy,Hankey,503-16-1599
Jameson,Gullis,775-94-9405
Madison,Roath,121-57-9188
Rebeka,Kilian,368-71-7729
Jamill,Bolle,336-79-3028
Winne,Foyle,600-24-4972
Bogey,Conklin,118-99-8513
Christel,Largen,864-98-7848
Aurora,Lockner,578-55-7284
Eziechiele,Arcase,899-36-5793
Robinia,Rising,422-65-5228
Candy,Corrett,412-11-0531
Maisie,Ellesworthe,625-04-9084
Cornelle,Applebee,193-03-9218
Paolo,Belamy,794-52-9003
Stillman,Labadini,625-14-0115
Caitrin,Lewknor,260-31-0821
Erhart,Lammas,750-39-3479
Brittani,Kaminski,474-16-4930
Annalee,Dawton,252-79-4574
Gottfried,Korting,803-99-0115
Elmer,Pettinger,580-48-1106
Andrea,Americi,656-74-8658
Had,Tumpane,358-80-2938
Elnore,Zorzini,261-47-9250
Abby,Arstall,135-90-5553
Estrellita,Lambirth,247-20-7297
Peyton,Cartlidge,532-44-5217
Nicolais,Liccardi,382-47-6328
Marice,Bwye,607-22-6809
Reinold,Briar,191-67-3485
Thurston,Grix,719-86-7193
